graph_name,is_random,size,maximal_change_bits,n_inputs,normalized_n_inputs,max_degree,mean_degree,num_attractors,mean_attractor_length,median_attractor_length,std_attractor_length,max_attractor_length,std_attractor_basin,median_attractor_basin,max_attractor_basin,optimization_model_impact_score,stochastic_model_impact_score,optimization_state_impact_score,stochastic_state_impact_score,optimization_model_time,stochastic_model_time,optimization_state_time,stochastic_state_time
Trichostrongylus retortaeformis,True,26,1,1,0.038461538461538464,5,2.230769230769231,10,1.6,2.0,0.48989794855663565,2,0.10270738699942521,0.022593320235756387,0.27865094957432873,1.0,0.16722658808120497,1.0000000000000089,0.295,0.08455991744995117,7.890661954879761,9.646368980407715,2.6746628284454346
Apoptosis Network,True,41,1,2,0.04878048780487805,4,1.7804878048780488,13,3.076923076923077,4.0,1.3846153846153848,4,0.03882225352031669,0.0980185497470489,0.11572512647554806,1.0,0.25692242833052265,0.9981030402233415,0.08,0.04874610900878906,23.01506209373474,106.77836418151855,5.033034086227417
Arabidopsis thaliana Cell Cycle,True,14,1,0,0.0,8,4.714285714285714,3,3.0,4.0,1.4142135623730951,4,0.27514820613161656,0.3216619981325864,0.6760037348272643,1.0,0.09321661998132587,0.9976657329598506,0.315,0.43700695037841797,7.582662105560303,20.96066904067993,4.349624872207642
B bronchiseptica and T retortaeformis coinfection,True,53,1,1,0.018867924528301886,8,2.547169811320755,6,4.0,4.0,0.0,4,0.117435181201331,0.23710005548363233,0.2663214351766229,1.0,0.09234880710190495,0.9970413088959127,0.115,0.4206230640411377,29.3373920917511,88.08984613418579,10.509006023406982
B cell differentiation,True,22,1,5,0.22727272727272727,7,1.7727272727272727,36,1.7777777777777777,2.0,0.8202679477907445,4,0.008297188216303363,0.029484536082474228,0.04371134020618557,1.0,0.10041855670103088,0.12783505351276148,0.015,0.07592511177062988,21.35517907142639,89.3904709815979,1.6438300609588623
Body Segmentation in Drosophila 2013,True,17,1,3,0.17647058823529413,4,1.7058823529411764,12,1.5833333333333333,2.0,0.4930066485916347,2,0.03383094032111028,0.06436781609195402,0.14022988505747128,1.0000000000000002,0.1941885057471262,0.23264367816091536,0.085,0.01591181755065918,5.185950994491577,2.9161908626556396,1.2509560585021973
Bordetella bronchiseptica,True,33,1,0,0.0,6,2.393939393939394,3,2.0,2.0,0.0,2,0.1755851147749643,0.2987854251012146,0.5635627530364372,1.0,0.17310526315789473,0.2987854251012152,0.125,0.04663395881652832,3.926002025604248,3.525789976119995,4.007784843444824
Budding Yeast Cell Cycle,True,20,1,4,0.2,6,2.1,32,1.0,1.0,0.0,1,0.015278605935520547,0.03064066852367688,0.07122960604854756,1.0,0.0580183048149622,0.999999999999929,0.14,0.042333126068115234,11.785268068313599,46.04826498031616,1.6760427951812744
Budding Yeast Cell Cycle 2009,True,18,1,0,0.0,6,3.2777777777777777,4,2.0,2.0,0.0,2,0.1912354198907277,0.19416003033750473,0.558589306029579,0.9999999999999999,0.09741751990898749,0.9469093667045883,0.375,0.05387091636657715,3.296872854232788,6.51256799697876,2.0522429943084717
Cardiac development,True,15,1,1,0.06666666666666667,7,2.533333333333333,2,2.0,2.0,0.0,2,0.020319303338171252,0.5,0.5203193033381712,1.0,0.08739840348330911,-0.0,0.0,0.04899096488952637,1.2254638671875,1.725074052810669,0.8992581367492676
Cell Cycle Transcription by Coupled CDK and Network Oscillators,True,9,1,0,0.0,4,2.111111111111111,1,1.0,1.0,0.0,1,0.0,1.0,1.0,1.0,0.18,0,0.0,0.008486032485961914,0.21315717697143555,1.9073486328125e-06,0.4085831642150879
Cortical Area Development,True,5,1,0,0.0,4,2.8,2,1.0,1.0,0.0,1,0.46875,0.5,0.96875,1.0,0.076875,-0.0,0.035,0.04952216148376465,0.24718093872070312,0.19501304626464844,0.2469019889831543
Fanconi anemia and checkpoint recovery,True,15,1,0,0.0,8,4.4,3,2.0,1.0,1.4142135623730951,4,0.36932977057528177,0.14938030006523156,0.8486627527723418,1.0,0.016741682974559687,8.881784197001252e-16,0.09,0.12934303283691406,2.3589119911193848,9.695670127868652,1.3170900344848633
Toll Pathway of Drosophila Signaling Pathway,True,11,1,2,0.18181818181818182,2,1.0,4,1.0,1.0,0.0,1,0.015988203416318892,0.2464139344262295,0.27561475409836067,0.7530737704918034,0.3877561475409835,-0.0,0.0,0.0064580440521240234,0.5119500160217285,0.15901589393615723,0.4250011444091797
Lac Operon,True,13,1,3,0.23076923076923078,4,1.6923076923076923,8,1.0,1.0,0.0,1,0.007956574411433864,0.12837837837837837,0.13354531001589826,1.0,0.1709737678855326,-0.0,0.0,0.01096796989440918,1.873924970626831,1.17118501663208,0.7265539169311523
Mammalian Cell Cycle,True,20,1,1,0.05,5,2.55,2,1.0,1.0,0.0,1,0.012365250475586564,0.5,0.5123652504755866,1.0,0.10243817374762208,-0.0,0.0,0.032000064849853516,0.8995931148529053,1.074206829071045,1.3368520736694336
Mammalian Cell Cycle 2006,True,10,1,0,0.0,6,3.5,3,4.666666666666667,5.0,0.4714045207910317,5,0.2039372023675662,0.43651925820256776,0.514978601997147,1.0,0.18727532097004282,0.9514978601997122,0.165,0.03528189659118652,3.3134961128234863,2.8068270683288574,0.6948349475860596
Neurotransmitter Signaling Pathway,True,16,1,0,0.0,3,1.375,2,4.0,4.0,0.0,4,0.055179090029041644,0.5,0.5551790900290416,1.0,0.5333446272991287,-0.0,0.065,0.006730794906616211,1.2710189819335938,0.2536659240722656,0.9080410003662109
Oxidative Stress Pathway,True,19,1,1,0.05263157894736842,4,1.6842105263157894,3,2.0,2.0,0.0,2,0.22885010443936218,0.4502895752895753,0.5361969111969112,0.9999999999999999,0.2387162162162163,4.440892098500626e-16,0.005,0.011393070220947266,1.6590850353240967,0.7487990856170654,1.225499153137207
Predicting Variabilities in Cardiac Gene,True,15,1,1,0.06666666666666667,7,2.533333333333333,2,3.0,3.0,1.0,4,0.005139500734214403,0.5,0.5051395007342144,1.0,0.1321659324522761,-0.0,0.0,0.049337148666381836,1.6550889015197754,1.7509498596191406,0.8630959987640381
Pro-inflammatory Tumor Microenvironment in Acute Lymphoblastic Leukemia,True,26,1,0,0.0,9,3.1153846153846154,6,2.6666666666666665,2.0,0.9428090415820634,4,0.17544257126351157,0.08733777621887057,0.4110838302350053,1.0,0.034126622237811294,1.000000326879217,0.13,0.7069079875946045,15.253023862838745,87.08856201171875,4.615418910980225
Regulation of the L-arabinose operon of Escherichia coli,True,13,1,4,0.3076923076923077,3,1.3846153846153846,18,2.5555555555555554,1.0,2.910177967490843,8,0.0117744093556547,0.05686149936467598,0.07433290978398983,1.0,0.2655781448538754,0.14612452350700522,0.01,0.01635289192199707,6.4757561683654785,2.586768865585327,0.7087030410766602
SKBR3 Breast Cell Line Short-term ErbB Network,True,16,1,5,0.3125,5,2.5625,68,2.0,2.0,0.0,2,0.00904105644710102,0.01336728198599618,0.04073838319541693,1.0,0.09692234245703374,0.42647994907622433,0.135,0.0792698860168457,39.455495834350586,114.30947089195251,1.050426959991455
T-Cell Signaling 2006,True,40,1,3,0.075,5,1.325,8,1.0,1.0,0.0,1,0.006812249630890316,0.12507232401157184,0.13365477338476375,1.0,0.30869141755062673,3.664373195988446e-07,0.0,0.022982120513916016,4.46390700340271,4.472306966781616,4.600365877151489
T-LGL Survival Network 2011 Reduced Network,True,18,1,0,0.0,4,2.388888888888889,2,1.0,1.0,0.0,1,0.4841560024375381,0.5,0.9841560024375381,1.0,0.13531687995124922,-0.0,0.01,0.014679193496704102,0.792834997177124,0.5554521083831787,1.2016329765319824
Processing of Spz Network from the Drosophila Signaling Pathway,True,24,1,6,0.25,5,1.1666666666666667,64,1.0,1.0,0.0,1,0.0038614230878365793,0.015737983836665248,0.025946405784772437,1.0,0.23926414291790712,3.569321975760431e-07,0.0,0.0896151065826416,17.034650802612305,63.70333790779114,1.2240409851074219
FA BRCA pathway,True,28,1,0,0.0,9,4.392857142857143,5,2.4,2.0,0.8,4,0.23899569055286762,0.11063708759954494,0.6621160409556314,1.0,0.06595420932878271,0.15415244596131927,0.235,0.2675490379333496,10.1997389793396,66.66999793052673,5.20443320274353
Arabidopsis thaliana Cell Cycle,True,14,1,0,0.0,8,4.714285714285714,5,13.8,5.0,17.915356541246954,49,0.21772917684202042,0.05178268251273345,0.5271646859083192,1.0,0.24342105263157865,0.9987271738629531,0.495,0.4488492012023926,51.37688493728638,179.16049098968506,5.336292028427124
B cell differentiation,True,22,1,5,0.22727272727272727,7,1.7727272727272727,67,1.2985074626865671,1.0,0.4576032751270415,2,0.01091455204481664,0.011281224818694601,0.03746978243352135,1.0,0.07869661563255438,0.6962127316680125,0.11,0.08890390396118164,28.813613176345825,147.14140701293945,1.5398280620574951
Body Segmentation in Drosophila 2013,True,17,1,3,0.17647058823529413,4,1.7058823529411764,8,1.375,1.0,0.4841229182759271,2,0.024354131465949534,0.12448132780082988,0.15975103734439833,1.0,0.19511410788381753,-0.0,0.0,0.01483607292175293,2.954378843307495,1.7626080513000488,1.1164891719818115
Bordetella bronchiseptica,True,33,1,0,0.0,6,2.393939393939394,2,1.5,1.5,0.5,2,0.3321889590771766,0.5,0.8321889590771766,1.0,0.13678110409228245,-0.0,0.045,0.045680999755859375,1.94594407081604,1.7961459159851074,3.6046478748321533
BT474 Breast Cell Line Short-term ErbB Network,True,16,1,5,0.3125,6,2.875,86,1.4883720930232558,1.0,0.499864773493132,2,0.008106498723103275,0.009325681492109038,0.03730272596843615,0.9999999999999999,0.05303802008608323,0.8751793400289074,0.2,0.09910988807678223,46.838820934295654,226.43662786483765,1.0925672054290771
Budding Yeast Cell Cycle 2009,True,18,1,0,0.0,6,3.2777777777777777,4,3.0,3.0,1.0,4,0.22895327443335908,0.23585256887565154,0.5260610573343262,1.0,0.08928704393149665,0.04653760238272575,0.155,0.05694317817687988,4.808912992477417,6.836843013763428,2.07456111907959
Cardiac development,True,15,1,1,0.06666666666666667,7,2.533333333333333,4,1.0,1.0,0.0,1,0.013686848939560261,0.2457983193277311,0.27240896358543415,1.0,0.06775210084033613,-0.0,0.08,0.049330949783325195,1.2153129577636719,3.765946865081787,0.9334099292755127
Cell Cycle Transcription by Coupled CDK and Network Oscillators,True,9,1,0,0.0,4,2.111111111111111,1,1.0,1.0,0.0,1,0.0,1.0,1.0,1.0,0.21,0,0.0,0.008654117584228516,0.21139812469482422,5.0067901611328125e-06,0.43268394470214844
Cortical Area Development,True,5,1,0,0.0,4,2.8,2,1.0,1.0,0.0,1,0.375,0.5,0.875,1.0,0.133125,-0.0,0.07,0.05028486251831055,0.29175686836242676,0.20647001266479492,0.2875819206237793
Toll Pathway of Drosophila Signaling Pathway,True,11,1,2,0.18181818181818182,2,1.0,4,1.0,1.0,0.0,1,0.01960659331178239,0.2544820717131474,0.2689243027888446,1.0,0.4021862549800798,-0.0,0.0,0.005321025848388672,0.5669620037078857,0.16642093658447266,0.44623303413391113
Iron acquisition and oxidative stress response in aspergillus fumigatus,True,22,1,2,0.09090909090909091,6,1.7272727272727273,11,3.5454545454545454,2.0,2.995864918778924,10,0.07621164804409528,0.07946257197696736,0.24107485604606527,1.0,0.15865259117082525,0.5059500959693182,0.17,0.07499194145202637,11.716540098190308,45.82184314727783,1.774371862411499
Lac Operon,True,13,1,3,0.23076923076923078,4,1.6923076923076923,8,1.0,1.0,0.0,1,0.013878978326628164,0.12222222222222223,0.14650205761316873,1.0,0.1992181069958848,-0.0,0.0,0.011752128601074219,1.7932748794555664,1.1620800495147705,0.6660361289978027
Mammalian Cell Cycle,True,20,1,1,0.05,5,2.55,2,1.0,1.0,0.0,1,0.003942181340341633,0.5,0.5039421813403416,1.0,0.09496057818659659,-0.0,0.0,0.03224492073059082,0.8760788440704346,1.088073968887329,1.2793128490447998
Mammalian Cell Cycle 2006,True,10,1,0,0.0,6,3.5,2,8.5,8.5,1.5,10,0.02374100719424463,0.5,0.5237410071942447,1.0,0.19905035971223015,1.0000000000000018,0.145,0.03576493263244629,3.878146171569824,1.7272169589996338,0.6631298065185547
Metabolic Interactions in the Gut Microbiome,True,12,1,1,0.08333333333333333,5,2.5,12,4.0,4.0,0.0,4,0.023023036467898626,0.07571684587813621,0.12724014336917563,1.0,0.2400044802867384,0.9999999999999929,0.34,0.024838924407958984,10.425220012664795,79.49610805511475,0.7750511169433594
Neurotransmitter Signaling Pathway,True,16,1,0,0.0,3,1.375,2,4.0,4.0,0.0,4,0.02210216110019647,0.5,0.5221021611001965,1.0,0.6722102161100193,-0.0,0.105,0.0073201656341552734,1.2100129127502441,0.31436896324157715,0.9307761192321777
Oxidative Stress Pathway,True,19,1,1,0.05263157894736842,4,1.6842105263157894,4,1.25,1.0,0.4330127018922193,2,0.14480045325834187,0.23635500711912671,0.46701471286188895,1.0,0.27479354532510675,1.0000000000000004,0.2,0.012691020965576172,1.5243339538574219,0.7967040538787842,1.2375459671020508
Predicting Variabilities in Cardiac Gene,True,15,1,1,0.06666666666666667,7,2.533333333333333,7,1.0,1.0,0.0,1,0.08496287156953757,0.1632088520055325,0.24896265560165975,1.0,0.04967496542185339,0.7510373443983394,0.26,0.048974037170410156,1.863879919052124,6.913064956665039,0.8275289535522461
Regulation of the L-arabinose operon of Escherichia coli,True,13,1,4,0.3076923076923077,3,1.3846153846153846,19,3.210526315789474,1.0,3.253806634962891,8,0.013602324602256435,0.05906040268456376,0.0691275167785235,1.0,0.24343288590604004,0.20469798657713767,0.035,0.06180596351623535,8.51064682006836,2.7486958503723145,0.6717720031738281
T cell differentiation,True,23,1,4,0.17391304347826086,5,1.4782608695652173,39,1.0,1.0,0.0,1,0.024433580747681004,0.011571841851494697,0.08196721311475409,0.9999999999999999,0.24221190935390532,0.21432015429118678,0.095,0.03160810470581055,14.235000848770142,29.06912398338318,2.7575299739837646
T-LGL Survival Network 2011 Reduced Network,True,18,1,0,0.0,4,2.388888888888889,2,7.0,7.0,5.0,12,0.4647119875454073,0.5,0.9647119875454073,1.0,0.14782304099636748,1.7763568394002505e-15,0.01,0.017599105834960938,4.485714912414551,0.7236261367797852,1.3802640438079834
Processing of Spz Network from the Drosophila Signaling Pathway,True,24,1,6,0.25,5,1.1666666666666667,64,1.0,1.0,0.0,1,0.003883373307115638,0.015201314708299097,0.024239934264585046,1.0,0.19644001643385373,8.05273430160014e-08,0.0,0.04550790786743164,16.59961199760437,99.62148714065552,1.2189009189605713
Trichostrongylus retortaeformis,True,26,1,1,0.038461538461538464,5,2.230769230769231,3,11.0,14.0,7.2571803523590805,18,0.16539868433577,0.4148908857509628,0.48241335044929395,1.0,0.3229845956354302,0.5175866495507009,0.05,0.03772687911987305,11.701014995574951,5.815586090087891,3.8643500804901123
Apoptosis Network,True,41,1,2,0.04878048780487805,4,1.7804878048780488,4,6.5,5.5,2.8722813232690143,11,0.010615804033204572,0.24905087319665908,0.26575550493545935,1.0,0.2714768413059985,-0.0,0.0,0.08010411262512207,13.936455011367798,8.094179153442383,5.82358717918396
B cell differentiation,True,22,1,5,0.22727272727272727,7,1.7727272727272727,43,1.1395348837209303,1.0,0.3465038238546823,2,0.012830262514910101,0.02803328953131844,0.039859833552343404,1.0,0.06047525186158565,0.18265440210262796,0.05,0.07398390769958496,17.713606119155884,74.70049691200256,1.4591050148010254
Body Segmentation in Drosophila 2013,True,17,1,3,0.17647058823529413,4,1.7058823529411764,12,1.0,1.0,0.0,1,0.03473124819316506,0.09310165975103735,0.1275933609958506,0.9999999999999999,0.19732105809128644,0.23703319502074827,0.04,0.018692970275878906,3.452070951461792,2.5970849990844727,1.0644268989562988
Bordetella bronchiseptica,True,33,1,0,0.0,6,2.393939393939394,4,2.0,2.0,0.7071067811865476,3,0.4213436072910447,0.009233493549203137,0.9797622059195548,0.9999999999999999,0.11014545914495316,-0.0,0.04,0.04626202583312988,5.176599025726318,4.678677082061768,4.133502006530762
BT474 Breast Cell Line Short-term ErbB Network,True,16,1,5,0.3125,6,2.875,57,1.9473684210526316,2.0,0.29146048641817807,3,0.009473015359895698,0.016751638747268753,0.04442825928623452,0.9999999999999999,0.06276402039329933,0.3605243991267457,0.12,0.0853569507598877,34.477144956588745,108.83925604820251,0.999809980392456
Budding Yeast Cell Cycle 2009,True,18,1,0,0.0,6,3.2777777777777777,6,5.0,4.5,3.2145502536643185,11,0.20750156000547856,0.05649940734887396,0.606084551560648,1.0,0.1020821809561438,0.8648755432635369,0.35,0.05710005760192871,10.965889930725098,41.55529499053955,2.0035459995269775
Cardiac development,True,15,1,1,0.06666666666666667,7,2.533333333333333,3,2.0,2.0,0.0,2,0.23220915782279208,0.48751835535976507,0.5073421439060205,1.0,0.07992657856093979,0.5124816446402356,0.025,0.052802085876464844,1.829822063446045,2.977993965148926,0.9254140853881836
Cell Cycle Transcription by Coupled CDK and Network Oscillators,True,9,1,0,0.0,4,2.111111111111111,1,4.0,4.0,0.0,4,0.0,1.0,1.0,1.0,0.31,0,0.0,0.01049184799194336,0.5900900363922119,6.9141387939453125e-06,0.39411020278930664
Cortical Area Development,True,5,1,0,0.0,4,2.8,1,1.0,1.0,0.0,1,0.0,1.0,1.0,1.0,0.16,0,0.0,0.007734060287475586,0.14620208740234375,2.86102294921875e-06,0.2581930160522461
Death Receptor Signaling,True,28,1,3,0.10714285714285714,4,1.6071428571428572,17,1.1176470588235294,1.0,0.4705882352941177,3,0.045847180236758545,0.02006980802792321,0.1172193135543921,1.0,0.2605177428737639,0.8568935427574083,0.055,0.024199962615966797,8.385637044906616,8.505343198776245,2.4757449626922607
Fanconi anemia and checkpoint recovery,True,15,1,0,0.0,8,4.4,2,3.0,3.0,1.0,4,0.45414012738853504,0.5,0.954140127388535,1.0,0.05954140127388534,1.0,0.095,0.13043808937072754,2.465726137161255,6.0337419509887695,1.3011291027069092
Toll Pathway of Drosophila Signaling Pathway,True,11,1,2,0.18181818181818182,2,1.0,4,1.0,1.0,0.0,1,0.014488312515326124,0.245658835546476,0.2727272727272727,0.7477017364657814,0.39541368743615946,-0.0,0.0,0.006838083267211914,0.5983870029449463,0.17403602600097656,0.4136970043182373
Lac Operon,True,13,1,3,0.23076923076923078,4,1.6923076923076923,13,3.4615384615384617,1.0,3.6714152503943764,10,0.04671885473546649,0.08964451313755796,0.13137557959814528,0.9999999999999999,0.2624574961360122,0.2650695896495563,0.13,0.0184171199798584,7.6126508712768555,6.273345947265625,0.6893749237060547
Mammalian Cell Cycle,True,20,1,1,0.05,5,2.55,2,1.0,1.0,0.0,1,0.0025974025974025983,0.5,0.5025974025974026,1.0,0.1173831168831169,-0.0,0.0,0.07405686378479004,0.9026279449462891,1.165050983428955,1.2401821613311768
Mammalian Cell Cycle 2006,True,10,1,0,0.0,6,3.5,3,4.666666666666667,5.0,0.4714045207910317,5,0.14513119414073386,0.3157894736842105,0.519203413940256,1.0,0.0937908961593172,0.6842105263157894,0.305,0.035871028900146484,3.3801369667053223,3.3329830169677734,0.6922299861907959
Neurotransmitter Signaling Pathway,True,16,1,0,0.0,3,1.375,2,4.0,4.0,0.0,4,0.026212640862322417,0.5,0.5262126408623224,1.0,0.7231553160215581,1.0,0.08,0.008962869644165039,1.2388339042663574,0.2891080379486084,0.9893529415130615
Oxidative Stress Pathway,True,19,1,1,0.05263157894736842,4,1.6842105263157894,4,1.0,1.0,0.0,1,0.05377204935863031,0.24504249291784702,0.32058545797922566,1.0,0.21273135033050053,0.7171860245514639,0.055,0.01326298713684082,1.2958149909973145,0.8749821186065674,1.2627370357513428
Predicting Variabilities in Cardiac Gene,True,15,1,1,0.06666666666666667,7,2.533333333333333,2,2.0,2.0,0.0,2,0.013212795549374157,0.5,0.5132127955493742,1.0,0.10513212795549373,-0.0,0.0,0.048596858978271484,1.0995099544525146,1.8055469989776611,0.8364160060882568
Regulation of the L-arabinose operon of Escherichia coli,True,13,1,4,0.3076923076923077,3,1.3846153846153846,31,1.967741935483871,1.0,1.3315978993903415,4,0.025383796251411198,0.018518518518518517,0.06927297668038408,0.9999999999999999,0.2482510288065842,0.2023319872618572,0.11,0.020998001098632812,9.732385873794556,10.395941972732544,0.6428170204162598
SKBR3 Breast Cell Line Short-term ErbB Network,True,16,1,5,0.3125,5,2.5625,72,2.0,2.0,0.0,2,0.008545287244989545,0.01118421052631579,0.04013157894736842,1.0,0.09088486842105263,0.47236842105297683,0.235,0.08219790458679199,45.78972792625427,140.29325604438782,1.0950560569763184
T-Cell Signaling 2006,True,40,1,3,0.075,5,1.325,10,2.2,1.0,1.9390719429665315,6,0.027145033442623794,0.1087461992487927,0.12555893400107315,1.0,0.30749865855839736,0.33392952960114286,0.01,0.03412318229675293,10.60291600227356,125.83398795127869,4.875922918319702
T-LGL Survival Network 2011 Reduced Network,True,18,1,0,0.0,4,2.388888888888889,1,3.0,3.0,0.0,3,0.0,1.0,1.0,1.0,0.38,0,0.0,0.015594959259033203,0.9687139987945557,1.0967254638671875e-05,1.2325670719146729
Processing of Spz Network from the Drosophila Signaling Pathway,True,24,1,6,0.25,5,1.1666666666666667,64,1.0,1.0,0.0,1,0.003905482854204246,0.01583710407239819,0.025915261209378856,1.0,0.19369600987248037,9.162773295656734e-08,0.0,0.0878908634185791,17.63786220550537,79.98661613464355,1.279526948928833
Trichostrongylus retortaeformis,True,26,1,1,0.038461538461538464,5,2.230769230769231,4,3.5,2.5,2.0615528128088303,7,0.18443063482916439,0.24036540108478446,0.5124179274907222,1.0,0.2672095346845564,0.4875820725092801,0.075,0.03370404243469238,6.642521142959595,3.729872226715088,3.5799660682678223
B cell differentiation,True,22,1,5,0.22727272727272727,7,1.7727272727272727,67,1.1791044776119404,1.0,0.3834397784676158,2,0.010962310609252771,0.009504132231404958,0.03512396694214876,0.9987603305785125,0.06461570247933883,0.471900826446614,0.13,0.09084415435791016,26.418319940567017,152.4774739742279,1.5022649765014648
Body Segmentation in Drosophila 2013,True,17,1,3,0.17647058823529413,4,1.7058823529411764,9,1.2222222222222223,1.0,0.628539361054709,3,0.03299737378805986,0.11562651185292695,0.14368650217706821,1.0,0.19999758103531678,0.11175616835994084,0.025,0.016376018524169922,3.021768093109131,1.9346868991851807,1.1459369659423828
Bordetella bronchiseptica,True,33,1,0,0.0,6,2.393939393939394,8,3.0,2.0,1.7320508075688772,6,0.29780680728777564,0.004475703324808184,0.9115089514066497,1.0000000000000002,0.21948721227621487,0.9999999999999929,0.13,0.052722930908203125,14.07718300819397,75.80683016777039,4.229542016983032
Budding Yeast Cell Cycle 2009,True,18,1,0,0.0,6,3.2777777777777777,3,7.0,2.0,7.0710678118654755,17,0.3928222784813287,0.060282171868319794,0.8888413852073536,1.0,0.31751175716118035,0.9491235570756738,0.08,0.05685901641845703,6.89733099937439,5.182789087295532,1.853149175643921
Cardiac development,True,15,1,1,0.06666666666666667,7,2.533333333333333,7,1.5714285714285714,1.0,0.7284313590846835,3,0.09612901654944117,0.16810059563203178,0.2600926538716082,0.9999999999999999,0.06756783587028456,0.4917273328921219,0.285,0.049839019775390625,3.119119882583618,6.946340084075928,0.9541780948638916
Cell Cycle Transcription by Coupled CDK and Network Oscillators,True,9,1,0,0.0,4,2.111111111111111,3,2.3333333333333335,2.0,1.247219128924647,4,0.27964911439319795,0.25227272727272726,0.7090909090909091,1.0,0.2157840909090908,1.0000000000000018,0.42,0.009611129760742188,1.257321834564209,0.462022066116333,0.4533369541168213
Cortical Area Development,True,5,1,0,0.0,4,2.8,1,4.0,4.0,0.0,4,0.0,1.0,1.0,1.0,0.405,0,0.0,0.006700038909912109,0.4076251983642578,4.0531158447265625e-06,0.26705503463745117
Toll Pathway of Drosophila Signaling Pathway,True,11,1,2,0.18181818181818182,2,1.0,4,1.0,1.0,0.0,1,0.01591450144813228,0.24795501022494887,0.27300613496932513,1.0,0.38967280163599155,-0.0,0.0,0.006316184997558594,0.6514711380004883,0.1854867935180664,0.4586160182952881
Iron acquisition and oxidative stress response in aspergillus fumigatus,True,22,1,2,0.09090909090909091,6,1.7272727272727273,6,3.3333333333333335,2.0,2.6246692913372702,7,0.08419059856798321,0.20696452036793694,0.25624178712220763,1.0,0.15913710030661413,0.5151116951379748,0.06,0.07115602493286133,5.707257032394409,11.083863973617554,1.29465913772583
Lac Operon,True,13,1,3,0.23076923076923078,4,1.6923076923076923,8,1.0,1.0,0.0,1,0.010144292449973804,0.12642276422764226,0.13739837398373983,1.0,0.1862398373983739,-8.881784197001252e-16,0.0,0.011137008666992188,1.6866841316223145,1.1626739501953125,0.613541841506958
Mammalian Cell Cycle,True,20,1,1,0.05,5,2.55,2,1.0,1.0,0.0,1,0.004761904761904745,0.5,0.5047619047619047,1.0,0.09733333333333334,-0.0,0.0,0.030966997146606445,0.8218741416931152,1.053628921508789,1.1702470779418945
Mammalian Cell Cycle 2006,True,10,1,0,0.0,6,3.5,2,1.0,1.0,0.0,1,0.004922644163150469,0.5,0.5049226441631505,1.0,0.045,1.0,0.135,0.032334089279174805,0.48476409912109375,1.1594250202178955,0.5836308002471924
Neurotransmitter Signaling Pathway,True,16,1,0,0.0,3,1.375,8,1.25,1.0,0.4330127018922193,2,0.06404937827369162,0.10619894281595386,0.2445939452186449,1.0,0.3944569918308502,1.0,0.17,0.01092386245727539,2.3216278553009033,1.336587905883789,1.001924991607666
Oxidative Stress Pathway,True,19,1,1,0.05263157894736842,4,1.6842105263157894,3,3.0,4.0,1.4142135623730951,4,0.1400841224000777,0.2670652715495765,0.5281514698555058,1.0,0.29043099152964624,0.4718485301444941,0.08,0.015486001968383789,2.453555107116699,0.6442058086395264,1.4086740016937256
Regulation of the L-arabinose operon of Escherichia coli,True,13,1,4,0.3076923076923077,3,1.3846153846153846,36,2.5,1.5,1.8929694486000912,8,0.023875243482521975,0.016556291390728478,0.07019867549668875,1.0,0.2550529801324504,0.3211920529798249,0.145,0.025682926177978516,15.352644920349121,14.28537893295288,0.758018970489502
SKBR3 Breast Cell Line Short-term ErbB Network,True,16,1,5,0.3125,5,2.5625,52,1.6153846153846154,2.0,0.4865042554105199,2,0.009746782380034232,0.01740294511378849,0.03748326639892905,1.0,0.07343708165997322,0.4096385542164285,0.06,0.10572290420532227,23.05299401283264,49.8645761013031,0.8636429309844971
T-LGL Survival Network 2011 Reduced Network,True,18,1,0,0.0,4,2.388888888888889,3,2.6666666666666665,2.0,0.9428090415820634,4,0.12722451539335214,0.37236679058240396,0.46592317224287483,1.0,0.3258519206939281,1.0,0.24,0.01783299446105957,2.6523139476776123,1.652541160583496,1.2057108879089355
Processing of Spz Network from the Drosophila Signaling Pathway,True,24,1,6,0.25,5,1.1666666666666667,64,1.0,1.0,0.0,1,0.0035511083759604584,0.015477214101461736,0.026225279449699053,1.0,0.1935877042132417,4.140954530384988e-07,0.0,0.08933901786804199,16.58346700668335,136.46127700805664,1.1347370147705078
Trichostrongylus retortaeformis,True,26,1,1,0.038461538461538464,5,2.230769230769231,3,1.6666666666666667,1.0,0.9428090415820634,3,0.1982147681653792,0.46830451925993327,0.4786169244767971,1.0,0.11941765241128299,0.5213830755232038,0.065,0.028031110763549805,2.014404058456421,1.5467250347137451,2.2989490032196045
Apoptosis Network,True,41,1,2,0.04878048780487805,4,1.7804878048780488,4,8.0,8.0,0.0,8,0.012210541409004409,0.24661613427179208,0.2689045298682548,1.0,0.37554502797328987,3.063167639538733e-07,0.0,0.04267311096191406,14.240166902542114,198.73755812644958,5.526915073394775
B cell differentiation,True,22,1,5,0.22727272727272727,7,1.7727272727272727,36,2.4444444444444446,2.0,1.3425606637327303,5,0.008441441597820296,0.028413736713000817,0.04251839738348324,1.0,0.08223426001635323,0.12224058397441695,0.035,0.08365392684936523,26.330785989761353,160.69397592544556,1.5165948867797852
Body Segmentation in Drosophila 2013,True,17,1,3,0.17647058823529413,4,1.7058823529411764,17,1.2352941176470589,1.0,0.42418250299576343,2,0.02665945287223021,0.057219490388913725,0.11041573535985695,1.0,0.17397183728207413,0.2445239159588688,0.115,0.01983785629272461,5.809208154678345,4.6049699783325195,1.2537970542907715
Bordetella bronchiseptica,True,33,1,0,0.0,6,2.393939393939394,5,4.0,4.0,1.0954451150103321,5,0.18843509324581004,0.2237093690248566,0.5246175908221797,1.0,0.20571701720841307,0.9763384321223683,0.225,0.04405999183654785,9.607687950134277,17.361656188964844,4.225693941116333
Budding Yeast Cell Cycle 2009,True,18,1,0,0.0,6,3.2777777777777777,3,4.0,2.0,2.8284271247461903,8,0.46778549794856683,0.0027559055118110236,0.9948818897637796,1.0,0.16443700787401572,0.005118110236219664,0.0,0.23349809646606445,83.91885185241699,10.95411491394043,34.763230085372925
Cardiac development,True,15,1,1,0.06666666666666667,7,2.533333333333333,6,1.5,1.0,0.7637626158259734,3,0.0927773970137262,0.21433666191155493,0.25178316690442226,1.0,0.05850213980028531,0.2674750356633382,0.21,0.049777984619140625,2.626167058944702,6.305970907211304,0.906548023223877
Cell Cycle Transcription by Coupled CDK and Network Oscillators,True,9,1,0,0.0,4,2.111111111111111,1,1.0,1.0,0.0,1,0.0,1.0,1.0,1.0,0.165,0,0.0,0.009577035903930664,0.2095789909362793,9.059906005859375e-06,0.41971588134765625
Cholesterol Regulatory Pathway,True,34,1,0,0.0,3,1.2647058823529411,2,2.0,2.0,0.0,2,0.04655712050078245,0.5,0.5465571205007824,1.0,0.7286032863849766,1.0,0.04,0.013643026351928711,1.7096550464630127,0.3754889965057373,3.842350959777832
Cortical Area Development,True,5,1,0,0.0,4,2.8,1,1.0,1.0,0.0,1,0.0,1.0,1.0,1.0,0.14,0,0.0,0.008213043212890625,0.15523600578308105,1.0013580322265625e-05,0.26981306076049805
Fanconi anemia and checkpoint recovery,True,15,1,0,0.0,8,4.4,3,3.6666666666666665,5.0,1.8856180831641267,5,0.2879312321747228,0.20333547145606157,0.7325208466966003,1.0,0.0707761385503528,0.9358563181526627,0.36,0.1273021697998047,4.340016841888428,12.2501859664917,1.3813419342041016
Toll Pathway of Drosophila Signaling Pathway,True,11,1,2,0.18181818181818182,2,1.0,4,1.0,1.0,0.0,1,0.02209646089790099,0.25523429710867396,0.2711864406779661,0.7298105682951147,0.42822033898305084,-0.0,0.0,0.007816076278686523,0.6580250263214111,0.18422412872314453,0.5204389095306396
Iron acquisition and oxidative stress response in aspergillus fumigatus,True,22,1,2,0.09090909090909091,6,1.7272727272727273,5,5.8,1.0,5.878775382679627,13,0.09370940556759609,0.23950617283950618,0.26213991769547323,1.0,0.27473456790123446,3.976680250872278e-06,0.005,0.0325779914855957,8.284456014633179,9.931311130523682,1.8041229248046875
Lac Operon,True,13,1,3,0.23076923076923078,4,1.6923076923076923,18,3.888888888888889,3.5,3.2470309324894346,10,0.04672299347563313,0.03923853923853923,0.13908313908313907,1.0,0.21619658119658136,0.2952602952602632,0.105,0.022335052490234375,13.092879056930542,94.63910603523254,0.7422060966491699
Mammalian Cell Cycle,True,20,1,1,0.05,5,2.55,2,1.0,1.0,0.0,1,0.0015893197711379647,0.5,0.501589319771138,1.0,0.10244437380801016,-0.0,0.0,0.031100988388061523,0.8416810035705566,1.0756690502166748,1.199862003326416
Mammalian Cell Cycle 2006,True,10,1,0,0.0,6,3.5,2,3.5,3.5,1.5,5,0.016690856313497843,0.5,0.5166908563134979,1.0,0.10825108853410739,0.483309143686502,0.1,0.0344541072845459,1.6404399871826172,1.6186459064483643,0.6511490345001221
Metabolic Interactions in the Gut Microbiome,True,12,1,1,0.08333333333333333,5,2.5,12,3.3333333333333335,2.0,1.8856180831641267,6,0.049113371137457076,0.10873440285204991,0.14349376114081996,1.0,0.15687165775401085,0.9999999999999858,0.17,0.06484007835388184,8.870196104049683,7.626249074935913,0.7499148845672607
Neurotransmitter Signaling Pathway,True,16,1,0,0.0,3,1.375,2,4.0,4.0,0.0,4,0.00745526838966204,0.5,0.507455268389662,1.0,0.645,1.0,0.095,0.007361888885498047,1.1707429885864258,0.24880194664001465,0.8996670246124268
Oxidative Stress Pathway,True,19,1,1,0.05263157894736842,4,1.6842105263157894,2,3.0,3.0,1.0,4,0.02018395503321413,0.5,0.5201839550332141,1.0,0.26899080224833943,-0.0,0.0,0.011794805526733398,1.5640058517456055,0.36851000785827637,1.2132198810577393
Predicting Variabilities in Cardiac Gene,True,15,1,1,0.06666666666666667,7,2.533333333333333,7,1.2857142857142858,1.0,0.6998542122237652,3,0.11091197404445963,0.21371841155234658,0.25776173285198556,1.0,0.07651263537906136,0.5400722021660638,0.15,0.048127174377441406,2.5429279804229736,7.509442090988159,0.8136711120605469
Regulation of the L-arabinose operon of Escherichia coli,True,13,1,4,0.3076923076923077,3,1.3846153846153846,26,2.3076923076923075,1.0,2.0525637021732823,8,0.026295938009738694,0.04230769230769231,0.07902097902097902,1.0,0.28251048951048974,0.1867136317410356,0.075,0.020405054092407227,9.321342945098877,7.823803901672363,0.6147198677062988
SKBR3 Breast Cell Line Short-term ErbB Network,True,16,1,5,0.3125,5,2.5625,53,1.6603773584905661,2.0,0.4735811470947598,2,0.009923875813784089,0.017880794701986755,0.0390728476821192,1.0,0.09390397350993376,0.26490066225200337,0.065,0.06789207458496094,34.72436594963074,59.72504997253418,1.292431116104126
T-Cell Signaling 2006,True,40,1,3,0.075,5,1.325,12,1.8333333333333333,1.0,1.4624940645653537,6,0.03704413262716101,0.10260115606936415,0.12556197816313422,0.9999999999999999,0.37379335260115576,4.771401087566574e-07,0.015,0.03229403495788574,9.788106918334961,47.19633412361145,5.224925994873047
T-LGL Survival Network 2011 Reduced Network,True,18,1,0,0.0,4,2.388888888888889,10,1.8,2.0,0.4,2,0.0840816871154423,0.075927015891701,0.2548557975279576,1.0,0.29326074161271326,1.0000000000000036,0.335,0.017780780792236328,6.174126863479614,6.605721950531006,1.2879250049591064
Processing of Spz Network from the Drosophila Signaling Pathway,True,24,1,6,0.25,5,1.1666666666666667,64,1.0,1.0,0.0,1,0.003891488702800611,0.015280135823429542,0.025466893039049237,0.9999999999999999,0.2231663837011886,-2.1316282072803006e-13,0.0,0.04787015914916992,16.959492921829224,101.50998616218567,1.2094659805297852
Trichostrongylus retortaeformis,True,26,1,1,0.038461538461538464,5,2.230769230769231,4,3.25,2.5,2.48746859276655,7,0.1307850981503596,0.24796870297923562,0.4074631357207343,1.0,0.19103520914836,2.7766480847901676e-07,0.1,0.0332639217376709,5.932431936264038,3.7124850749969482,2.960615873336792
Arabidopsis thaliana Cell Cycle,True,14,1,0,0.0,8,4.714285714285714,3,3.0,3.0,1.632993161855452,5,0.37621442407069444,0.11101836393989983,0.8631051752921536,1.0,0.029628547579298833,0.13689482470784764,0.1,0.43455004692077637,7.812939167022705,20.112401962280273,5.176091909408569
B bronchiseptica and T retortaeformis coinfection,True,53,1,1,0.018867924528301886,8,2.547169811320755,5,1.6,1.0,0.8,3,0.16509369936177817,0.17201540436456997,0.4234060761660248,1.0,0.0768089430894309,0.5258880454612225,0.115,0.41094303131103516,10.514361143112183,32.5213189125061,8.811383962631226
B cell differentiation,True,22,1,5,0.22727272727272727,7,1.7727272727272727,39,1.794871794871795,2.0,0.9386156521909295,5,0.010769206670873648,0.028080469404861693,0.04777870913663034,1.0,0.08336965632858336,0.13788767812236813,0.035,0.07865500450134277,23.22121000289917,77.25421500205994,1.566236972808838
Body Segmentation in Drosophila 2013,True,17,1,3,0.17647058823529413,4,1.7058823529411764,9,1.0,1.0,0.0,1,0.03881666853129352,0.11977856064418722,0.14292903875188726,1.0,0.17699798691494725,0.11675893306492036,0.01,0.014765024185180664,2.5885870456695557,1.8079299926757812,1.0904209613800049
Bordetella bronchiseptica,True,33,1,0,0.0,6,2.393939393939394,4,2.0,2.0,0.0,2,0.42226020654281055,0.008408200875374338,0.9813407049067036,1.0,0.18441718498041926,0.9960838516470867,0.04,0.04600691795349121,4.938188791275024,4.672674894332886,4.614398956298828
BT474 Breast Cell Line Short-term ErbB Network,True,16,1,5,0.3125,6,2.875,40,2.075,2.0,0.5651327277728658,4,0.009346021555245517,0.02791696492483894,0.03865425912670007,1.0,0.07758768790264853,0.17537580529710795,0.06,0.07338094711303711,24.909571170806885,50.927258014678955,0.9923398494720459
Budding Yeast Cell Cycle,True,20,1,4,0.2,6,2.1,23,2.0869565217391304,1.0,1.3158909522105702,4,0.019340760055135808,0.03717026378896882,0.07673860911270983,1.0,0.1534372501998402,0.3665067945643443,0.15,0.046347856521606445,16.438460111618042,69.6509530544281,1.777034044265747
Budding Yeast Cell Cycle 2009,True,18,1,0,0.0,6,3.2777777777777777,10,1.4,1.0,0.48989794855663565,2,0.15865104435528768,0.038356164383561646,0.5486301369863014,1.0,0.04318835616438355,1.0000016329783126,0.4,0.05725598335266113,5.897282123565674,23.470383882522583,2.2832679748535156
Cardiac development,True,15,1,1,0.06666666666666667,7,2.533333333333333,5,1.4,1.0,0.4898979485566356,2,0.09274583315226212,0.24376336421952957,0.2580185317177477,1.0,0.03607270135424092,0.2437633642195296,0.095,0.04906296730041504,2.143094062805176,4.738128900527954,0.9361178874969482
Cell Cycle Transcription by Coupled CDK and Network Oscillators,True,9,1,0,0.0,4,2.111111111111111,1,1.0,1.0,0.0,1,0.0,1.0,1.0,1.0,0.18,0,0.0,0.008683204650878906,0.20403790473937988,5.0067901611328125e-06,0.40456104278564453
Cortical Area Development,True,5,1,0,0.0,4,2.8,1,4.0,4.0,0.0,4,0.0,1.0,1.0,1.0,0.365,0,0.0,0.007069826126098633,0.4130549430847168,5.0067901611328125e-06,0.24935603141784668
Toll Pathway of Drosophila Signaling Pathway,True,11,1,2,0.18181818181818182,2,1.0,4,1.0,1.0,0.0,1,0.0057778369712779476,0.25200400801603207,0.25551102204408815,0.9999999999999999,0.4067635270541084,-4.440892098500626e-16,0.0,0.005210161209106445,0.5401461124420166,0.16387605667114258,0.43195509910583496
Iron acquisition and oxidative stress response in aspergillus fumigatus,True,22,1,2,0.09090909090909091,6,1.7272727272727273,4,1.0,1.0,0.0,1,0.012305318202570614,0.2463103310729956,0.26964499401675307,1.0,0.12761069006781012,-0.0,0.0,0.0228729248046875,1.2030880451202393,1.8812410831451416,1.4959230422973633
Lac Operon,True,13,1,3,0.23076923076923078,4,1.6923076923076923,8,1.0,1.0,0.0,1,0.009067627332708965,0.12461300309597523,0.141640866873065,1.0,0.17782507739938092,-0.0,0.0,0.011694908142089844,1.7397029399871826,1.2389421463012695,0.690087080001831
Mammalian Cell Cycle,True,20,1,1,0.05,5,2.55,3,3.0,1.0,2.8284271247461903,7,0.23223559107294997,0.4912826899128269,0.5037359900373599,1.0,0.1662608966376089,-8.881784197001252e-16,0.03,0.07619190216064453,3.0995919704437256,1.7307679653167725,1.228346824645996
Mammalian Cell Cycle 2006,True,10,1,0,0.0,6,3.5,9,1.8888888888888888,2.0,0.5665577237325317,3,0.09953562496873028,0.07994186046511628,0.26744186046511625,1.0,0.07776162790697677,0.9970930232558075,0.53,0.03472781181335449,3.9378130435943604,8.199820041656494,0.5969059467315674
Metabolic Interactions in the Gut Microbiome,True,12,1,1,0.08333333333333333,5,2.5,28,2.0,2.0,0.0,2,0.015500056198020064,0.03317972350230415,0.0663594470046083,1.0,0.14322580645161292,1.000000000000007,0.52,0.02843499183654785,12.46849799156189,116.64271593093872,0.711601972579956
Neurotransmitter Signaling Pathway,True,16,1,0,0.0,3,1.375,2,4.0,4.0,0.0,4,0.0012382367508667613,0.5,0.5012382367508668,1.0,0.635,1.0,0.065,0.007097005844116211,1.1890451908111572,0.243927001953125,0.9590189456939697
Oxidative Stress Pathway,True,19,1,1,0.05263157894736842,4,1.6842105263157894,7,1.2857142857142858,1.0,0.45175395145262565,2,0.16800601178964952,0.04254324450677887,0.5264142122487143,0.9999999999999999,0.26381252921926135,0.47358578775128546,0.14,0.014672994613647461,3.017404079437256,2.029677152633667,1.379296064376831
Regulation of the L-arabinose operon of Escherichia coli,True,13,1,4,0.3076923076923077,3,1.3846153846153846,27,2.7777777777777777,1.0,2.4845199749997664,8,0.02168102528260828,0.036301369863013695,0.07054794520547945,1.0,0.24661301369863028,0.2952054794520791,0.1,0.02177882194519043,10.481420993804932,6.4514219760894775,0.6599500179290771
T cell differentiation,True,23,1,4,0.17391304347826086,5,1.4782608695652173,16,3.0,3.0,0.0,3,0.009367330200524642,0.06413612565445026,0.08036649214659686,0.9999999999999999,0.3934568062827225,1.2577246337741599e-06,0.0,0.030562877655029297,13.130295991897583,18.674264907836914,2.311978816986084
T-LGL Survival Network 2011 Reduced Network,True,18,1,0,0.0,4,2.388888888888889,3,2.6666666666666665,2.0,0.9428090415820634,4,0.2707763259020955,0.22768670309653916,0.7049180327868853,1.0,0.34992714025500915,1.0,0.17,0.015603065490722656,2.5684919357299805,1.2376739978790283,1.2503719329833984
Processing of Spz Network from the Drosophila Signaling Pathway,True,24,1,6,0.25,5,1.1666666666666667,64,1.0,1.0,0.0,1,0.0035419894311724217,0.014882182720132286,0.024390243902439025,0.9999999999999999,0.21322860686233994,4.640199335881334e-08,0.0,0.08679699897766113,16.559760808944702,110.01749992370605,1.209068775177002
Trichostrongylus retortaeformis,True,26,1,1,0.038461538461538464,5,2.230769230769231,2,2.0,2.0,0.0,2,0.01386724836397632,0.5,0.5138672483639763,1.0,0.2248613275163603,-0.0,0.0,0.02507805824279785,1.6052680015563965,1.116593837738037,2.2059988975524902
B cell differentiation,True,22,1,5,0.22727272727272727,7,1.7727272727272727,57,1.7894736842105263,2.0,0.968573595918755,6,0.012202705481025517,0.016553480475382003,0.042444821731748725,1.0,0.08122028862478782,0.3773344651946644,0.085,0.09112095832824707,31.57738208770752,304.0934238433838,1.4211218357086182
Body Segmentation in Drosophila 2013,True,17,1,3,0.17647058823529413,4,1.7058823529411764,15,1.5333333333333334,1.0,0.8055363982396382,3,0.019245622419272808,0.0718835304822566,0.11146496815286625,1.0,0.20118289353958146,0.8885350318471339,0.105,0.01737499237060547,5.726738929748535,3.688720941543579,1.1405529975891113
Bordetella bronchiseptica,True,33,1,0,0.0,6,2.393939393939394,4,5.25,6.0,1.299038105676658,6,0.21509176532768656,0.25858684985279684,0.4685966633954858,1.0,0.2367492639842982,1.0,0.165,0.04538607597351074,9.94190788269043,18.635100841522217,4.002677917480469
BT474 Breast Cell Line Short-term ErbB Network,True,16,1,5,0.3125,6,2.875,78,1.935897435897436,2.0,0.24493555351977947,2,0.010416450935968989,0.008185538881309688,0.04024556616643929,1.0,0.07663710777626193,0.49658935879938326,0.135,0.09431195259094238,41.893656969070435,219.36504912376404,0.9841320514678955
Budding Yeast Cell Cycle,True,20,1,4,0.2,6,2.1,23,2.0434782608695654,1.0,1.82918991025762,8,0.020152559950272583,0.0436334787782626,0.07735025783419278,0.9999999999999999,0.09342919476398254,0.31138443596036325,0.06,0.04545116424560547,14.475435972213745,86.23271417617798,1.592660903930664
Budding Yeast Cell Cycle 2009,True,18,1,0,0.0,6,3.2777777777777777,9,1.6666666666666667,1.0,1.5634719199411429,6,0.1185763342576338,0.07274283269148481,0.3821138211382114,1.0,0.06102695763799745,0.8947368421052708,0.55,0.051167964935302734,5.304029941558838,15.968297004699707,1.6477198600769043
Cardiac development,True,15,1,1,0.06666666666666667,7,2.533333333333333,4,1.0,1.0,0.0,1,0.01237179148263484,0.24703832752613242,0.2682926829268293,1.0,0.04157839721254357,-4.440892098500626e-16,0.07,0.047731876373291016,1.2072720527648926,3.5567660331726074,0.906243085861206
Cell Cycle Transcription by Coupled CDK and Network Oscillators,True,9,1,0,0.0,4,2.111111111111111,1,1.0,1.0,0.0,1,0.0,1.0,1.0,1.0,0.165,0,0.0,0.007958173751831055,0.19198298454284668,3.0994415283203125e-06,0.38234901428222656
Cholesterol Regulatory Pathway,True,34,1,0,0.0,3,1.2647058823529411,4,1.0,1.0,0.0,1,0.04512370534791293,0.2297638363079142,0.32558139534883723,1.0,0.3345700378583018,1.0,0.065,0.010826826095581055,1.8363828659057617,0.775932788848877,3.8178257942199707
Cortical Area Development,True,5,1,0,0.0,4,2.8,1,1.0,1.0,0.0,1,0.0,1.0,1.0,1.0,0.1,0,0.0,0.00674891471862793,0.14040112495422363,1.9073486328125e-06,0.2621920108795166
Fanconi anemia and checkpoint recovery,True,15,1,0,0.0,8,4.4,1,22.0,22.0,0.0,22,0.0,1.0,1.0,1.0,0.13,0,0.0,0.12422013282775879,7.805107116699219,2.1457672119140625e-06,1.2483460903167725
Toll Pathway of Drosophila Signaling Pathway,True,11,1,2,0.18181818181818182,2,1.0,4,1.0,1.0,0.0,1,0.01621777269024024,0.24753937007874016,0.27263779527559057,1.0,0.40649606299212593,-0.0,0.0,0.0049397945404052734,0.5591118335723877,0.16702604293823242,0.43148207664489746
HCC1954 Breast Cell Line Short-term ErbB Network,True,16,1,5,0.3125,6,2.875,55,1.4545454545454546,1.0,0.4979295977319692,2,0.012632363698445058,0.02079141515761234,0.0409121395036888,1.0,0.053407109322602286,0.3252850451889202,0.095,0.07929801940917969,24.44592022895813,84.79920411109924,0.9914491176605225
Iron acquisition and oxidative stress response in aspergillus fumigatus,True,22,1,2,0.09090909090909091,6,1.7272727272727273,5,1.2,1.0,0.4,2,0.09948589493052548,0.24636441402908468,0.26732249786142004,1.0,0.13863344739093242,-0.0,0.0,0.026278972625732422,2.1301522254943848,2.798485040664673,1.5334839820861816
Lac Operon,True,13,1,3,0.23076923076923078,4,1.6923076923076923,8,1.0,1.0,0.0,1,0.008939862281015011,0.12266450040617385,0.1462225832656377,1.0,0.1845978878960196,1.7763568394002505e-15,0.0,0.01052999496459961,1.6406171321868896,1.1395971775054932,0.5690031051635742
Mammalian Cell Cycle,True,20,1,1,0.05,5,2.55,2,4.0,4.0,0.0,4,0.006765067650676526,0.5,0.5067650676506765,1.0,0.10226322263222633,-0.0,0.0,0.0321660041809082,3.0089328289031982,1.1042699813842773,1.2787549495697021
Mammalian Cell Cycle 2006,True,10,1,0,0.0,6,3.5,4,3.0,2.5,2.1213203435596424,6,0.15873628066655626,0.2510853835021708,0.4211287988422576,1.0,0.11818379160636754,0.9999999999999964,0.4,0.034377098083496094,2.8779079914093018,3.327172040939331,0.6552469730377197
Metabolic Interactions in the Gut Microbiome,True,12,1,1,0.08333333333333333,5,2.5,20,2.8,2.0,1.6,6,0.046001895430510906,0.02820053715308863,0.13339301700984782,1.0,0.15414055505819163,0.9999999999999858,0.255,0.02844405174255371,11.863463878631592,44.75194215774536,0.6991689205169678
Neurotransmitter Signaling Pathway,True,16,1,0,0.0,3,1.375,5,2.0,2.0,0.0,2,0.13139360976409464,0.13234634365186182,0.462090623598026,1.0,0.5218079856437866,0.6141767608793174,0.135,0.007821083068847656,1.9424898624420166,0.6963350772857666,1.0582640171051025
Oxidative Stress Pathway,True,19,1,1,0.05263157894736842,4,1.6842105263157894,8,1.875,1.0,1.6153559979150107,6,0.1667636275748728,0.05320631970260223,0.5111524163568774,1.0,0.49054600371747265,0.4846654275092952,0.16,0.01434183120727539,3.7611420154571533,2.5178070068359375,1.327955961227417
Predicting Variabilities in Cardiac Gene,True,15,1,1,0.06666666666666667,7,2.533333333333333,2,2.0,2.0,0.0,2,0.0,0.5,0.5,1.0,0.0925,-0.0,0.0,0.04682183265686035,1.039729118347168,1.6930649280548096,0.8134129047393799
Regulation of the L-arabinose operon of Escherichia coli,True,13,1,4,0.3076923076923077,3,1.3846153846153846,26,2.3076923076923075,1.0,2.0525637021732823,8,0.026369390871291115,0.043708609271523174,0.07483443708609272,1.0,0.2630993377483443,0.1688741721853475,0.05,0.018624067306518555,8.707996129989624,6.8432159423828125,0.7019791603088379
SKBR3 Breast Cell Line Short-term ErbB Network,True,16,1,5,0.3125,5,2.5625,101,1.504950495049505,2.0,0.4999754919981226,2,0.007563782934103853,0.007462686567164179,0.030529172320217096,1.0,0.06880597014925374,0.9592944664354661,0.215,0.08638191223144531,43.30488705635071,253.21477603912354,0.9588549137115479
T-Cell Signaling 2006,True,40,1,3,0.075,5,1.325,10,1.8,1.0,1.6000000000000003,5,0.03924752997067522,0.11793103448275863,0.1339655172413793,1.0,0.3309758620689657,2.359192777134922e-06,0.005,0.028542041778564453,7.735396862030029,28.483789920806885,4.62722110748291
T-LGL Survival Network 2011 Reduced Network,True,18,1,0,0.0,4,2.388888888888889,5,1.2,1.0,0.4,2,0.1749076845645138,0.1091245376078915,0.49013563501849566,1.0,0.16538532675708997,1.0000000000000009,0.175,0.016520023345947266,2.273806095123291,1.6280369758605957,1.2055668830871582
Processing of Spz Network from the Drosophila Signaling Pathway,True,24,1,6,0.25,5,1.1666666666666667,64,1.0,1.0,0.0,1,0.0037245740785688667,0.015301902398676593,0.02481389578163772,1.0,0.21894540942928042,4.5573827378575515e-08,0.0,0.0873110294342041,16.77821183204651,74.04925894737244,1.2043180465698242
Trichostrongylus retortaeformis,True,26,1,1,0.038461538461538464,5,2.230769230769231,8,2.0,2.0,1.0,3,0.06738369818231603,0.15317122085735774,0.19453497117071947,1.0,0.13814615191777385,1.0000000000000018,0.33,0.03236794471740723,7.604198932647705,8.387522220611572,3.4000890254974365
Apoptosis Network,True,41,1,2,0.04878048780487805,4,1.7804878048780488,9,4.444444444444445,4.0,1.257078722109418,8,0.10172253844229506,0.049271339347675226,0.29909784871616935,1.0,0.22930343511450377,0.4396252602359354,0.095,0.04897308349609375,23.368289947509766,188.54158210754395,6.422677040100098
B cell differentiation,True,22,1,5,0.22727272727272727,7,1.7727272727272727,36,1.0,1.0,0.0,1,0.01066440933516473,0.029263831732967534,0.04709647919524463,1.0,0.0669570187471422,0.10059442158212306,0.005,0.06340503692626953,12.120445013046265,44.61634087562561,1.3124568462371826
Body Segmentation in Drosophila 2013,True,17,1,3,0.17647058823529413,4,1.7058823529411764,18,1.1111111111111112,1.0,0.3142696805273545,2,0.02356340549827782,0.04601769911504425,0.10088495575221239,1.0,0.20578982300884965,0.5079646017699098,0.28,0.017925024032592773,6.2094128131866455,4.84455418586731,1.3894450664520264
Bordetella bronchiseptica,True,33,1,0,0.0,6,2.393939393939394,1,6.0,6.0,0.0,6,0.0,1.0,1.0,1.0,0.305,0,0.0,0.044053077697753906,3.187520980834961,5.0067901611328125e-06,3.8049440383911133
BT474 Breast Cell Line Short-term ErbB Network,True,16,1,5,0.3125,6,2.875,73,1.7808219178082192,2.0,0.4136895580970274,2,0.008744765114668374,0.011963406052076003,0.03377902885292048,0.9999999999999999,0.05473258268824774,0.30190007037322175,0.135,0.09629702568054199,39.85642981529236,169.4453890323639,1.007242202758789
Budding Yeast Cell Cycle,True,20,1,4,0.2,6,2.1,24,2.0,1.0,1.4142135623730951,4,0.01847097693695876,0.03516260162601626,0.07967479674796749,0.9999999999999999,0.09758333333333333,0.4865853658536565,0.16,0.0465700626373291,16.61372995376587,194.13705587387085,1.6932628154754639
Budding Yeast Cell Cycle 2009,True,18,1,0,0.0,6,3.2777777777777777,6,1.5,1.0,0.7637626158259734,3,0.3355068287802155,0.020842671447781264,0.916629314208875,1.0,0.084332138054684,0.9412819363514116,0.125,0.05191206932067871,3.4310779571533203,9.30000901222229,1.624305009841919
Cardiac development,True,15,1,1,0.06666666666666667,7,2.533333333333333,2,3.0,3.0,1.0,4,0.009339080459770138,0.5,0.5093390804597702,1.0,0.09028017241379313,-0.0,0.0,0.04808306694030762,1.6572370529174805,1.6867291927337646,0.8891220092773438
Cell Cycle Transcription by Coupled CDK and Network Oscillators,True,9,1,0,0.0,4,2.111111111111111,3,1.3333333333333333,1.0,0.4714045207910317,2,0.178236871223693,0.43187066974595845,0.48498845265588914,1.0,0.2508198614318705,0.9999999999999991,0.32,0.008661031723022461,0.698451042175293,0.3978581428527832,0.38846707344055176
Cholesterol Regulatory Pathway,True,34,1,0,0.0,3,1.2647058823529411,4,1.0,1.0,0.0,1,0.060440750065413835,0.2485623636724172,0.31647828673408684,1.0,0.39531033115209196,1.0,0.065,0.011100053787231445,1.8439509868621826,0.7080299854278564,3.386780023574829
Cortical Area Development,True,5,1,0,0.0,4,2.8,1,1.0,1.0,0.0,1,0.0,1.0,1.0,1.0,0.095,0,0.0,0.006543874740600586,0.14213800430297852,2.1457672119140625e-06,0.25400304794311523
Death Receptor Signaling,True,28,1,3,0.10714285714285714,4,1.6071428571428572,11,1.0,1.0,0.0,1,0.051358765135695816,0.11188532749352977,0.1447342225761497,1.0,0.21896675293649207,0.3282898666135754,0.02,0.018980979919433594,4.963157892227173,5.073699951171875,3.8024590015411377
Fanconi anemia and checkpoint recovery,True,15,1,0,0.0,8,4.4,1,1.0,1.0,0.0,1,0.0,1.0,1.0,1.0,0.01,0,0.0,0.12259292602539062,0.4210700988769531,5.0067901611328125e-06,1.23347806930542
Toll Pathway of Drosophila Signaling Pathway,True,11,1,2,0.18181818181818182,2,1.0,4,1.0,1.0,0.0,1,0.017783838205599835,0.2507345739471107,0.2703232125367287,1.0,0.41017629774730646,-0.0,0.0,0.004274845123291016,0.5567421913146973,0.1645359992980957,0.42960405349731445
HCC1954 Breast Cell Line Short-term ErbB Network,True,16,1,5,0.3125,6,2.875,63,1.3492063492063493,1.0,0.4767192831009907,2,0.010812863119420606,0.012549537648612946,0.04227212681638045,1.0,0.06370211360634084,0.4405548216637385,0.15,0.08092284202575684,26.73797607421875,109.68326115608215,1.0183799266815186
Iron acquisition and oxidative stress response in aspergillus fumigatus,True,22,1,2,0.09090909090909091,6,1.7272727272727273,8,3.25,3.0,1.920286436967152,6,0.08062047272110136,0.11648590021691974,0.27114967462039047,1.0,0.2100911062906723,0.37223434822528745,0.095,0.0305788516998291,8.31043004989624,20.073254108428955,1.6900439262390137
Lac Operon,True,13,1,3,0.23076923076923078,4,1.6923076923076923,12,5.666666666666667,8.0,3.299831645537222,8,0.026883197501959635,0.07054741711642251,0.14340786430223593,1.0,0.2708442559753278,0.5250578257517802,0.17,0.020240068435668945,10.456862211227417,4.106689214706421,0.6864409446716309
Mammalian Cell Cycle,True,20,1,1,0.05,5,2.55,2,1.0,1.0,0.0,1,0.01143043762246898,0.5,0.511430437622469,1.0,0.06977139124755062,-0.0,0.0,0.03174400329589844,0.8811159133911133,1.0597620010375977,1.2187440395355225
Mammalian Cell Cycle 2006,True,10,1,0,0.0,6,3.5,8,1.75,1.0,1.6393596310755,6,0.16190826023863403,0.032913165266106444,0.4425770308123249,1.0,0.06630952380952376,0.8963585434173691,0.21,0.0364990234375,3.3622100353240967,6.421418905258179,0.6626639366149902
Neurotransmitter Signaling Pathway,True,16,1,0,0.0,3,1.375,2,4.0,4.0,0.0,4,0.01811095827602016,0.5,0.5181109582760202,1.0,0.7401811095827603,-0.0,0.13,0.008269071578979492,1.2270429134368896,0.39783310890197754,1.1211810111999512
Oxidative Stress Pathway,True,19,1,1,0.05263157894736842,4,1.6842105263157894,2,3.0,3.0,1.0,4,0.03398533007334961,0.5,0.5339853300733496,1.0,0.2319413202933985,-0.0,0.0,0.01143193244934082,1.588681936264038,0.36455798149108887,1.1905689239501953
Predicting Variabilities in Cardiac Gene,True,15,1,1,0.06666666666666667,7,2.533333333333333,5,1.6,1.0,0.8,3,0.09094635843271572,0.243849493487699,0.2655571635311143,1.0,0.0712988422575977,0.2264833574529641,0.23,0.04821205139160156,2.1756489276885986,4.746349096298218,0.8775291442871094
Pro-inflammatory Tumor Microenvironment in Acute Lymphoblastic Leukemia,True,26,1,0,0.0,9,3.1153846153846154,5,3.6,2.0,1.9595917942265426,6,0.1476820990889805,0.2032860824742268,0.46552835051546393,1.0,0.05560083762886598,0.46939432989690744,0.155,0.7012350559234619,16.957616090774536,59.572620153427124,4.88847804069519
Regulation of the L-arabinose operon of Escherichia coli,True,13,1,4,0.3076923076923077,3,1.3846153846153846,19,3.210526315789474,1.0,3.253806634962891,8,0.014421804769313347,0.054709141274238225,0.07409972299168975,1.0,0.25725069252077565,0.20498614958454908,0.055,0.0185549259185791,7.987257957458496,3.6317808628082275,0.6024057865142822
T-Cell Signaling 2006,True,40,1,3,0.075,5,1.325,11,1.7272727272727273,1.0,1.2856486930664497,5,0.04432058062142073,0.10631970260223049,0.16237918215613384,1.0,0.3916565055762081,1.250425221144269e-07,0.015,0.029047012329101562,8.834085941314697,26.488070964813232,6.366188049316406
T-LGL Survival Network 2011 Reduced Network,True,18,1,0,0.0,4,2.388888888888889,10,1.6,2.0,0.48989794855663565,2,0.11222531749315968,0.062342569269521406,0.3992443324937028,1.0,0.24879722921914366,0.9999999999999964,0.29,0.016854047775268555,5.384357929229736,6.449997901916504,1.1955959796905518
Processing of Spz Network from the Drosophila Signaling Pathway,True,24,1,6,0.25,5,1.1666666666666667,64,1.0,1.0,0.0,1,0.003147160698884705,0.015770319450060657,0.023048928427011728,1.0,0.21077840679336848,4.3956816853096825e-08,0.0,0.0859370231628418,16.141485929489136,55.90132403373718,1.2027289867401123
Trichostrongylus retortaeformis,True,26,1,1,0.038461538461538464,5,2.230769230769231,3,1.6666666666666667,1.0,0.9428090415820634,3,0.158498291776355,0.2542722451384797,0.5545079552150854,1.0,0.18109015910430165,0.19121979964643465,0.025,0.028026103973388672,2.3910059928894043,1.7722609043121338,2.8133420944213867
Arabidopsis thaliana Cell Cycle,True,14,1,0,0.0,8,4.714285714285714,2,18.0,18.0,10.0,28,0.49104859335038364,0.5,0.9910485933503836,1.0,0.2985677749360615,0.008951406649615024,0.0,0.43036603927612305,26.851161003112793,30.21113085746765,5.507637977600098
B bronchiseptica and T retortaeformis coinfection,True,53,1,1,0.018867924528301886,8,2.547169811320755,4,2.0,2.0,0.0,2,0.23763364088621497,0.24590632140137092,0.5003808073115004,1.0,0.07,1.000000641244016,0.04,0.3963320255279541,9.92317795753479,29.273426055908203,9.607244968414307
B cell differentiation,True,22,1,5,0.22727272727272727,7,1.7727272727272727,53,1.8679245283018868,2.0,0.3385728008476672,2,0.013414045822481725,0.02677029360967185,0.03929188255613126,0.9999999999999999,0.057374784110535405,0.4274611420208032,0.045,0.08726286888122559,33.42676591873169,128.28021097183228,1.6083109378814697
Body Segmentation in Drosophila 2013,True,17,1,3,0.17647058823529413,4,1.7058823529411764,8,1.0,1.0,0.0,1,0.00750425224318321,0.12439379243452958,0.1367604267701261,1.0,0.20537099903006772,8.881784197001252e-16,0.0,0.013136863708496094,2.2416799068450928,1.5285921096801758,1.078613042831421
Bordetella bronchiseptica,True,33,1,0,0.0,6,2.393939393939394,3,2.0,2.0,0.0,2,0.34805753686760477,0.17893633743777837,0.8152999738014147,1.0,0.24228713649462932,0.9942363112391934,0.15,0.04645085334777832,3.7417540550231934,3.264618158340454,4.089963912963867
Budding Yeast Cell Cycle 2009,True,18,1,0,0.0,6,3.2777777777777777,9,3.111111111111111,3.0,1.7916128329552334,7,0.11137469865950743,0.0660950339406931,0.3815648445873526,1.0,0.1615416220078599,0.7888543870361673,0.405,0.05722188949584961,10.776685953140259,80.57683110237122,2.2425808906555176
Cardiac development,True,15,1,1,0.06666666666666667,7,2.533333333333333,4,1.0,1.0,0.0,1,0.003861719582733092,0.24946390278770553,0.2558970693352395,1.0,0.04982487491065046,-4.440892098500626e-16,0.12,0.04874992370605469,1.3080761432647705,3.5293850898742676,0.9525129795074463
Cell Cycle Transcription by Coupled CDK and Network Oscillators,True,9,1,0,0.0,4,2.111111111111111,3,1.3333333333333333,1.0,0.4714045207910317,2,0.3671494692762258,0.1185682326621924,0.8501118568232662,1.0,0.16576062639821035,1.0,0.265,0.009081125259399414,0.7082140445709229,0.41647911071777344,0.4133479595184326
Cholesterol Regulatory Pathway,True,34,1,0,0.0,3,1.2647058823529411,2,2.0,2.0,0.0,2,0.02131594315748489,0.5,0.5213159431574849,1.0,0.55,1.0,0.045,0.011016845703125,1.5592141151428223,0.4061288833618164,3.586482048034668
Cortical Area Development,True,5,1,0,0.0,4,2.8,1,1.0,1.0,0.0,1,0.0,1.0,1.0,1.0,0.13,0,0.0,0.007044076919555664,0.14119696617126465,2.1457672119140625e-06,0.25157999992370605
Death Receptor Signaling,True,28,1,3,0.10714285714285714,4,1.6071428571428572,26,1.1923076923076923,1.0,0.39411349099844606,2,0.02788143576051066,0.030995934959349592,0.08816056910569106,1.0,0.24712144308943076,0.3628059797856267,0.155,0.028150081634521484,13.384979963302612,43.33088302612305,2.735260009765625
Fanconi anemia and checkpoint recovery,True,15,1,0,0.0,8,4.4,5,3.4,2.0,3.0066592756745814,9,0.3056488657753692,0.023331173039533377,0.8029812054439404,1.0,0.02810434219053792,0.8029812054439436,0.16,0.12662601470947266,6.480905055999756,16.769400119781494,1.2886769771575928
Toll Pathway of Drosophila Signaling Pathway,True,11,1,2,0.18181818181818182,2,1.0,4,1.0,1.0,0.0,1,0.0050149079945713045,0.25049900199600794,0.2564870259481038,1.0,0.4084980039920162,-0.0,0.0,0.004408121109008789,0.5958349704742432,0.16138601303100586,0.4120659828186035
HCC1954 Breast Cell Line Short-term ErbB Network,True,16,1,5,0.3125,6,2.875,62,1.403225806451613,1.0,0.7061864283545044,4,0.010120521249792375,0.01417004048582996,0.03643724696356275,1.0,0.04892037786774628,0.4824561403504646,0.09,0.0829010009765625,27.020232915878296,104.02037405967712,0.9883661270141602
Lac Operon,True,13,1,3,0.23076923076923078,4,1.6923076923076923,11,5.181818181818182,8.0,3.5114923483323572,9,0.04211547886828959,0.09961389961389962,0.15984555984555984,1.0,0.2865444015444015,0.3413127413126986,0.1,0.01841282844543457,8.682047128677368,2.9308319091796875,0.6850221157073975
Mammalian Cell Cycle,True,20,1,1,0.05,5,2.55,5,1.8,1.0,0.9797958971132713,3,0.17593880274729276,0.13468634686346864,0.5116851168511685,1.0,0.11937269372693728,0.4883148831488322,0.18,0.03539705276489258,3.695589065551758,3.4488489627838135,1.4085190296173096
Mammalian Cell Cycle 2006,True,10,1,0,0.0,6,3.5,4,1.5,1.5,0.5,2,0.2277552293372225,0.24676258992805755,0.4848920863309353,1.0,0.04185611510791367,1.0,0.15,0.034420013427734375,1.4814198017120361,2.8127939701080322,0.673975944519043
Metabolic Interactions in the Gut Microbiome,True,12,1,1,0.08333333333333333,5,2.5,16,3.0,3.0,1.0,4,0.04000576873794481,0.06067518248175183,0.1259124087591241,1.0,0.1675182481751824,1.000000000000007,0.355,0.02696394920349121,12.988569021224976,20.11276888847351,0.8593459129333496
Neurotransmitter Signaling Pathway,True,16,1,0,0.0,3,1.375,8,1.25,1.0,0.4330127018922193,2,0.06392935067650664,0.10355029585798817,0.23395539371870733,1.0,0.4409171597633134,0.7264451524806539,0.2,0.008147001266479492,2.30108904838562,1.0126399993896484,1.0031750202178955
Oxidative Stress Pathway,True,19,1,1,0.05263157894736842,4,1.6842105263157894,4,1.0,1.0,0.0,1,0.06380151222041756,0.2551299589603283,0.31874145006839943,0.9999999999999999,0.22709986320109432,0.9999999999999991,0.1,0.011718988418579102,1.3002500534057617,0.7717030048370361,1.3449509143829346
Predicting Variabilities in Cardiac Gene,True,15,1,1,0.06666666666666667,7,2.533333333333333,3,2.0,2.0,0.0,2,0.10634687522412933,0.2598371777476255,0.4837177747625509,1.0,0.0698202170963365,0.5162822252374495,0.24,0.047926902770996094,1.7054150104522705,2.7242300510406494,0.9151952266693115
Pro-inflammatory Tumor Microenvironment in Acute Lymphoblastic Leukemia,True,26,1,0,0.0,9,3.1153846153846154,3,11.333333333333334,14.0,3.7712361663282534,14,0.21417912862744568,0.46995956094742924,0.49913344887348354,1.0,0.05746967071057192,4.656996676288827e-06,0.065,0.7023770809173584,31.432626962661743,104.36111998558044,5.8911261558532715
Regulation of the L-arabinose operon of Escherichia coli,True,13,1,4,0.3076923076923077,3,1.3846153846153846,28,2.7142857142857144,1.0,2.4619554199448697,8,0.023703089388702227,0.03281982585398527,0.08037508372404555,1.0,0.28436034829202944,0.28667113194894966,0.105,0.022542953491210938,9.75043511390686,10.302902221679688,0.5987598896026611
T-Cell Signaling 2006,True,40,1,3,0.075,5,1.325,14,1.5714285714285714,1.0,0.9035079029052513,3,0.04764109177079414,0.06527154957648232,0.1322039528317555,1.0,0.26634196977246305,0.2664009300780563,0.02,0.03281402587890625,10.929164171218872,48.4681830406189,4.7744460105896
T-LGL Survival Network 2011 Reduced Network,True,18,1,0,0.0,4,2.388888888888889,2,2.0,2.0,0.0,2,0.11898813241723924,0.5,0.6189881324172393,1.0,0.35571517801374136,1.0,0.135,0.015106201171875,1.377652883529663,0.533358097076416,1.1577990055084229
Processing of Spz Network from the Drosophila Signaling Pathway,True,24,1,6,0.25,5,1.1666666666666667,64,1.0,1.0,0.0,1,0.0032239202311198176,0.015515903801396431,0.023661753297129558,1.0,0.20933087664856478,2.621431605120961e-07,0.0,0.046121835708618164,17.01939821243286,60.65004110336304,1.339704990386963
